{"web":{"client_id":"980518530966-770hauqkkggr4h32vlmv8uor1tipldkd.apps.googleusercontent.com","project_id":"squash-436922","auth_uri":"https://accounts.google.com/o/oauth2/auth","token_uri":"https://oauth2.googleapis.com/token","auth_provider_x509_cert_url":"https://www.googleapis.com/oauth2/v1/certs","client_secret":"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","redirect_uris":["http://127.0.0.1:5000/login/callback","http://localhost:5000/login/callback"],"javascript_origins":["http://127.0.0.1:5000","http://localhost:5000"]}}