review,teacher,class
heck heck heck,"Adams, Mark",US Varsity Indoor Track****,"Afemeku, Edem",Advisory
****,"Afemeku, Edem",French I
i am taking chemistry not bio,"Roycroft, Cari",AP Biology
****,"Brasoveanu, Theodor",Adv Comp Major: Coding w/ a Purpose
**** hi,"Brasoveanu, Theodor",Adv Comp Major: Coding w/ a Purpose
hi mark,"Adams, Mark",US Varsity Indoor Track
hi mr b,"Brasoveanu, Theodor",Adv Comp Major: Coding w/ a Purpose
asdc,"Adler, Ilta",Applications of Programming mn
hello mr b,"Brasoveanu, Theodor",AP Computer Science A
mark,"Adams, Mark",US Varsity Indoor Track
**** butt ****,"Brasoveanu, Theodor",Advisory
im taking calculus,"Robinson, Valerie",Accelerated Calculus
brasovenua,"Brasoveanu, Theodor",AP Computer Science A
poo,"Brasoveanu, Theodor",AP Computer Science A
poo,"Brasoveanu, Theodor",AP Computer Science A
hello,"Afemeku, Edem",Advisory
hello,"Adler, Ilta",Applications of Programming mn
hello,"Alt, Charles",Advisory
hello,"Augsberger, Michael",Boys US Varsity Tennis
hello,"Alt, Charles",Advisory
hello,"Afemeku, Edem",Advisory
